{"cameraMode":{"drawMode":0,"name":"Shaded","section":"Shading Mode"},"sceneLighting":false,"audioPlay":false,"sceneViewState":{"m_AlwaysRefresh":false,"showFog":true,"showSkybox":false,"showFlares":true,"showImageEffects":true,"showParticleSystems":true,"showVisualEffectGraphs":true,"m_FxEnabled":true},"in2DMode":false,"pivot":{"x":-1.7881393432617188e-7,"y":0.02499999850988388,"z":1.7881393432617188e-7},"rotation":{"x":-0.0206625834107399,"y":0.0502137616276741,"z":0.001038997434079647,"w":0.9985246658325195},"size":0.7075482606887817,"orthographic":false}