{"cameraMode":{"drawMode":0,"name":"Shaded","section":"Shading Mode"},"sceneLighting":false,"audioPlay":false,"sceneViewState":{"m_AlwaysRefresh":false,"showFog":true,"showSkybox":false,"showFlares":true,"showImageEffects":true,"showParticleSystems":true,"showVisualEffectGraphs":true,"m_FxEnabled":true},"in2DMode":false,"pivot":{"x":0.736670196056366,"y":0.11065954715013504,"z":-0.4609944224357605},"rotation":{"x":-0.21971294283866883,"y":0.018141791224479677,"z":-0.004085822030901909,"w":-0.9753812551498413},"size":2.0563950538635256,"orthographic":false}